team,player,pos,gp,gs,min,pts,or,dr,reb,ast,stl,blk,to,pf,ast/to
ATL,Jalen Johnson,F,59,59,35.2,22.9,1.4,8.9,10.4,8.0,1.3,0.5,3.3,2.2,2.4
ATL,Nickeil Alexander-Walker,G,63,56,33.2,20.0,0.6,2.9,3.4,3.7,1.2,0.5,2.2,2.2,1.7
WAS,Trae Young,N/A,3,3,19.3,14.7,0.7,2.3,3.0,6.7,0.7,0.0,3.0,2.3,2.2
ATL,CJ McCollum,N/A,26,10,28.5,18.2,1.0,2.4,3.4,3.7,0.8,0.5,2.0,1.5,1.9
GS,Kristaps Porzingis,N/A,3,0,20.0,12.7,0.7,2.7,3.3,2.7,0.0,2.0,1.3,2.0,2.0
ATL,Jonathan Kuminga,N/A,4,1,24.8,16.5,2.3,5.8,8.0,3.0,1.3,0.3,2.5,1.0,1.2
ATL,Onyeka Okongwu,F,60,49,31.4,16.0,1.9,6.0,7.9,3.2,1.2,1.1,1.8,3.4,1.8
ATL,Dyson Daniels,G,62,62,33.4,11.5,2.2,4.4,6.6,6.2,1.9,0.4,1.8,2.1,3.4
ATL,Zaccharie Risacher,F,52,45,24.1,10.2,1.1,2.8,3.8,1.3,0.9,0.6,0.9,2.2,1.4
WAS,Corey Kispert,N/A,19,2,19.5,9.2,0.3,2.0,2.3,1.7,0.4,0.2,0.7,1.1,2.3
ATL,Jock Landale,N/A,14,1,18.8,9.3,2.0,2.1,4.1,1.4,0.4,0.6,0.6,1.9,2.4
POR,Vit Krejci,N/A,16,0,20.7,7.7,0.6,2.4,2.9,1.7,0.6,0.3,0.5,1.7,3.4
LAL,Luke Kennard,N/A,16,1,22.8,9.9,0.3,2.1,2.4,1.9,0.6,0.2,0.9,1.8,2.1
ATL,Asa Newell,F,40,1,11.1,5.0,0.9,1.1,2.0,0.5,0.4,0.3,0.5,1.6,1.0
ATL,Mouhamed Gueye,F,63,5,15.4,4.7,1.3,2.4,3.7,0.9,0.8,0.5,0.5,1.7,1.8
ATL,Gabe Vincent,N/A,9,0,13.1,4.2,0.6,0.6,1.1,1.9,0.6,0.1,0.3,1.3,5.7
ATL,Keaton Wallace,G,45,2,10.5,3.6,0.1,1.0,1.1,1.8,0.5,0.1,0.5,0.9,3.6
LAL,Christian Koloko,N/A,2,0,3.0,0.0,0.0,0.5,0.5,0.0,0.0,0.0,0.0,0.5,0.0
ATL,Caleb Houstan,G,12,0,4.5,1.9,0.3,0.2,0.5,0.2,0.1,0.1,0.3,0.7,0.5
ATL,Jacob Toppin,F,5,0,3.4,1.6,0.0,0.2,0.2,0.2,0.0,0.2,0.0,0.2,INF
ATL,N'Faly Dante,C,4,0,3.8,0.8,0.8,1.0,1.8,0.0,0.5,0.0,0.3,0.3,0.0
ATL,Buddy Hield,N/A,1,0,5.0,0.0,0.0,0.0,0.0,0.0,0.0,0.0,1.0,0.0,0.0
ATL,RayJ Dennis,N/A,1,0,5.0,0.0,0.0,0.0,0.0,4.0,1.0,0.0,0.0,1.0,INF
BOS,Jaylen Brown,G,59,59,34.1,28.4,1.1,6.0,7.1,5.2,1.0,0.4,3.6,2.7,1.4
BOS,Jayson Tatum,F,3,3,27.0,19.7,0.7,6.0,6.7,3.7,1.0,0.0,1.3,1.3,2.8
BOS,Derrick White,G,63,63,34.3,17.5,1.1,3.3,4.4,5.7,1.2,1.4,1.7,1.5,3.3
BOS,Payton Pritchard,G,64,49,32.6,16.8,0.9,3.2,4.1,5.3,0.8,0.1,1.3,1.4,4.0
CHI,Anfernee Simons,N/A,6,5,28.3,15.2,0.8,2.0,2.8,3.0,0.0,0.3,2.2,2.0,1.4
BOS,Nikola Vucevic,N/A,12,1,21.7,10.4,1.7,5.5,7.2,1.8,0.4,0.8,0.9,1.8,2.0
BOS,Neemias Queta,C,62,61,24.9,9.8,2.9,5.4,8.4,1.4,0.8,1.3,1.1,2.8,1.3
BOS,Sam Hauser,F,63,35,24.7,9.3,0.7,3.2,3.9,1.5,0.6,0.3,0.5,1.4,3.0
BOS,Luka Garza,C,56,4,15.7,7.2,2.2,1.6,3.9,0.9,0.4,0.4,0.6,2.3,1.5
BKN,Josh Minott,N/A,7,0,14.3,6.7,0.6,1.3,1.9,0.6,1.0,0.6,1.3,0.3,0.4
BOS,Jordan Walsh,G,58,20,17.2,5.3,1.3,2.8,4.1,0.7,0.7,0.4,0.6,2.1,1.3
BOS,Baylor Scheierman,G,61,17,17.0,4.9,0.6,2.7,3.3,1.3,0.5,0.1,0.6,1.3,2.3
BOS,Hugo Gonzalez,G,61,3,15.6,4.2,0.9,2.6,3.6,0.6,0.6,0.3,0.6,1.7,1.1
BOS,Ron Harper Jr.,G,20,2,11.9,4.1,0.7,1.1,1.8,0.8,0.2,0.4,0.2,0.9,3.8
BOS,Chris Boucher,F,9,0,10.4,2.3,0.2,1.8,2.0,0.3,0.6,0.8,0.1,1.9,3.0
CHA,Xavier Tillman,N/A,8,0,4.0,0.5,0.8,0.5,1.3,0.4,0.0,0.1,0.1,0.4,3.0
LAC,Dalano Banton,N/A,2,0,5.0,3.0,0.5,0.0,0.5,1.0,0.5,0.0,0.5,0.0,2.0
BOS,Amari Williams,F,18,2,6.6,1.2,0.4,1.3,1.7,0.4,0.1,0.5,0.4,0.8,1.1
BOS,John Tonje,G,3,0,3.7,0.7,0.0,0.7,0.7,0.3,0.0,0.0,0.0,0.3,INF
BOS,Max Shulga,G,3,0,1.3,0.0,0.0,0.0,0.0,0.0,0.0,0.0,0.0,0.7,0.0
BKN,Michael Porter Jr.,F,52,52,32.5,24.2,1.3,5.7,7.1,3.0,1.1,0.3,2.3,2.2,1.3
MIL,Cam Thomas,N/A,15,0,17.1,11.4,0.1,1.5,1.7,1.9,0.2,0.1,1.2,0.7,1.6
BKN,Noah Clowney,F,60,54,27.8,12.8,0.9,3.3,4.2,1.7,0.8,0.7,1.6,2.6,1.1
BKN,Nic Claxton,C,60,59,28.7,12.0,2.5,4.6,7.1,3.9,0.7,1.2,1.4,2.3,2.8
BKN,Egor Demin,G,52,45,25.2,10.3,0.4,2.8,3.2,3.3,0.8,0.3,1.7,1.8,2.0
BKN,Ziaire Williams,F,46,5,23.0,9.7,0.6,1.9,2.5,1.0,1.2,0.4,1.0,2.0,1.0
BKN,Danny Wolf,F,52,10,20.7,8.9,1.0,3.8,4.8,2.3,0.5,0.6,1.2,2.2,1.8
BKN,Day'Ron Sharpe,C,62,7,18.7,8.7,2.8,3.9,6.7,2.3,1.1,0.4,1.7,2.4,1.4
BKN,Nolan Traore,G,43,20,22.2,8.3,0.3,1.3,1.6,3.7,0.7,0.3,2.0,2.1,1.8
BKN,Terance Mann,G,56,46,24.6,7.5,1.1,2.0,3.2,3.2,0.6,0.3,1.1,2.4,2.9
PHI,Tyrese Martin,N/A,6,0,11.7,3.0,0.3,0.8,1.2,1.5,0.5,0.3,1.2,0.5,1.3
BKN,Ochai Agbaji,N/A,11,0,15.1,6.4,0.6,1.5,2.2,1.0,0.4,0.5,0.7,0.7,1.4
BKN,Drake Powell,G,50,12,19.5,6.2,0.3,1.4,1.7,1.5,0.5,0.2,1.0,1.4,1.5
BKN,Ben Saraf,G,30,6,17.7,5.3,0.3,1.2,1.5,3.0,0.7,0.2,2.0,1.5,1.5
BKN,Jalen Wilson,F,44,0,14.0,5.2,0.2,1.4,1.6,0.6,0.4,0.0,0.5,1.3,1.1
BKN,Grant Nelson,F,4,0,8.8,4.3,0.3,1.3,1.5,1.3,0.3,1.3,1.0,1.5,1.3
BKN,Chaney Johnson,F,3,0,15.7,4.0,0.3,1.3,1.7,1.3,0.7,0.3,1.0,2.7,1.3
BKN,Tyson Etienne,G,11,0,6.4,2.5,0.1,0.2,0.3,0.6,0.0,0.0,0.4,1.4,1.8
BKN,E.J. Liddell,F,13,0,6.1,2.2,0.2,1.3,1.5,0.2,0.1,0.2,0.4,0.5,0.6
CHA,Brandon Miller,F,50,50,30.2,20.7,1.1,4.0,5.1,3.4,1.1,0.8,2.9,2.8,1.2
CHA,LaMelo Ball,G,57,54,27.7,19.4,0.9,4.0,4.8,7.2,1.1,0.2,2.8,2.6,2.6
CHA,Kon Knueppel,G,66,65,32.0,19.2,1.2,4.1,5.3,3.4,0.7,0.2,2.1,2.2,1.7
CHA,Miles Bridges,F,62,62,31.8,17.5,1.0,4.9,5.9,3.4,0.6,0.5,1.5,1.7,2.3
CHI,Collin Sexton,N/A,12,3,25.1,16.2,0.6,1.6,2.2,2.1,1.3,0.1,2.3,2.3,0.9
CHA,Coby White,N/A,7,0,18.6,11.9,0.1,2.1,2.3,3.6,0.4,0.1,1.7,1.7,2.1
CHA,Moussa Diabate,F,59,33,25.9,8.1,3.8,4.9,8.7,1.8,0.7,1.0,0.9,2.4,2.0
CHA,Ryan Kalkbrenner,C,54,30,22.2,8.0,2.6,3.3,5.9,0.8,0.5,1.5,0.9,1.6,0.9
CHA,Grant Williams,F,23,3,19.5,7.5,1.3,2.7,4.0,1.9,0.5,0.3,0.9,1.6,2.2
CHA,Tre Mann,G,43,1,14.5,6.2,0.5,1.6,2.1,1.9,0.5,0.1,1.2,1.5,1.6
CHA,Tidjane Salaun,F,36,0,15.9,6.2,0.7,3.4,4.1,0.8,0.4,0.2,0.7,1.5,1.1
MEM,PJ Hall,N/A,7,0,3.9,1.9,0.4,0.9,1.3,0.3,0.0,0.3,0.1,0.4,2.0
DEN,KJ Simpson,N/A,3,0,7.7,1.7,1.0,0.7,1.7,2.7,0.3,0.0,0.0,0.3,INF
CHA,Sion James,G,67,19,23.2,5.5,0.6,2.9,3.5,2.0,0.6,0.3,0.9,1.8,2.3
CHA,Josh Green,G,43,0,16.6,4.9,0.9,1.1,2.0,1.0,0.6,0.1,0.6,1.2,1.6
CHA,Liam McNeeley,G,28,0,12.2,4.1,0.4,1.8,2.1,0.8,0.2,0.1,0.4,1.3,1.9
CHA,Pat Connaughton,G,32,0,7.8,3.0,0.4,1.2,1.6,0.5,0.3,0.0,0.3,0.3,1.9
CHA,Antonio Reeves,G,9,0,7.3,3.0,0.2,0.7,0.9,0.2,0.1,0.0,0.1,0.3,2.0
SA,Mason Plumlee,N/A,2,0,4.0,0.0,0.5,1.0,1.5,0.5,1.0,0.0,0.0,0.5,INF
CHA,Drew Peterson,F,6,0,10.7,0.8,0.5,1.0,1.5,0.3,0.5,0.2,0.0,0.5,INF
CHI,Josh Giddey,G,44,41,31.8,17.9,1.3,7.1,8.4,8.8,1.0,0.4,3.7,1.6,2.4
CHI,Matas Buzelis,F,65,65,28.8,15.9,1.0,4.5,5.5,2.1,0.7,1.5,2.0,2.4,1.1
MIN,Ayo Dosunmu,N/A,12,0,25.3,11.0,0.3,1.7,1.9,2.5,0.9,0.2,0.9,2.2,2.7
CHI,Tre Jones,G,49,25,26.9,12.7,0.6,2.3,2.9,5.5,1.2,0.2,1.3,1.4,4.3
CHI,Jaden Ivey,N/A,4,3,28.8,11.5,1.3,3.5,4.8,4.0,2.0,0.5,1.5,2.3,2.7
DET,Kevin Huerter,N/A,10,0,15.7,5.5,0.6,1.7,2.3,1.8,0.7,0.5,0.3,1.1,6.0
CHI,Jalen Smith,F,49,17,20.8,10.3,1.9,5.0,6.9,1.3,0.5,0.8,0.9,2.1,1.3
CHI,Guerschon Yabusele,N/A,14,12,25.8,10.2,1.3,5.0,6.3,2.2,0.9,0.4,1.1,1.8,1.9
CHI,Nick Richards,N/A,14,0,23.1,9.9,2.2,5.7,7.9,0.4,0.4,1.0,2.0,2.6,0.2
CHI,Zach Collins,F,10,0,18.4,9.7,1.6,4.0,5.6,1.5,0.2,0.4,1.0,1.8,1.5
CHI,Isaac Okoro,F,55,55,26.9,9.0,1.1,1.6,2.7,1.6,0.7,0.4,0.7,2.5,2.1
CHI,Leonard Miller,N/A,11,3,16.5,7.6,1.0,3.1,4.1,0.8,0.4,0.5,0.6,1.3,1.3
CHI,Patrick Williams,F,56,4,19.5,7.0,0.7,2.2,2.9,1.4,0.6,0.3,1.0,1.3,1.4
CHI,Rob Dillingham,N/A,14,0,19.7,6.8,0.6,2.6,3.1,3.4,1.0,0.0,1.7,2.4,2.0
ORL,Jevon Carter,N/A,13,0,21.7,6.8,0.2,1.9,2.2,2.8,0.7,0.5,0.8,1.4,3.3
CHI,Mac McClung,N/A,1,0,13.0,4.0,0.0,1.0,1.0,1.0,0.0,1.0,1.0,2.0,1.0
PHI,Dalen Terry,N/A,7,0,13.6,4.4,0.3,1.6,1.9,2.0,0.6,0.4,0.4,1.0,4.7
CHI,Emanuel Miller,F,5,0,6.6,3.0,0.2,0.4,0.6,0.8,0.4,0.0,0.0,0.4,INF
CHI,Yuki Kawamura,G,8,0,12.3,2.9,0.6,1.8,2.4,3.5,0.8,0.0,0.8,0.8,4.7
MIN,Julian Phillips,N/A,7,0,4.3,2.4,0.0,0.3,0.3,0.1,0.6,0.1,0.1,0.1,1.0
CHI,Trentyn Flowers,F,2,0,3.0,2.0,0.5,0.0,0.5,0.5,0.0,0.0,0.5,0.5,1.0
CHI,Lachlan Olbrich,C,23,0,6.7,1.4,0.7,1.3,2.0,0.7,0.2,0.1,0.3,1.1,2.4
CHI,Noa Essengue,F,2,0,3.0,0.0,0.0,0.0,0.0,0.0,0.5,0.0,0.0,0.5,0.0
CLE,Donovan Mitchell,G,58,58,33.5,28.3,0.8,3.8,4.5,5.8,1.6,0.3,3.0,2.3,1.9
CLE,James Harden,N/A,12,12,33.4,20.2,0.8,4.3,5.0,7.8,0.5,0.5,3.3,2.0,2.4
LAC,Darius Garland,N/A,5,3,25.4,17.8,0.4,2.0,2.4,5.8,1.0,0.0,3.0,1.6,1.9
CLE,Evan Mobley,C,51,49,32.5,17.7,2.3,6.5,8.7,3.7,0.8,1.9,1.9,2.5,1.9
CLE,Jarrett Allen,C,51,51,27.5,15.3,2.6,5.9,8.5,1.9,1.0,0.9,1.4,1.8,1.4
SAC,De'Andre Hunter,N/A,2,2,25.5,7.5,0.5,1.0,1.5,0.5,0.0,0.0,2.0,2.5,0.3
CLE,Jaylon Tyson,G,61,39,27.4,13.3,1.8,3.3,5.1,2.2,0.8,0.4,1.5,2.6,1.5
CLE,Sam Merrill,G,42,30,25.9,12.7,0.6,1.7,2.4,2.3,0.6,0.1,0.9,2.5,2.7
CLE,Dennis Schroder,N/A,15,2,23.3,9.0,0.1,1.9,2.1,4.2,1.0,0.3,1.8,1.4,2.3
CLE,Keon Ellis,N/A,14,0,23.8,7.7,0.6,2.3,2.9,1.6,1.6,1.2,0.6,2.3,2.8
CLE,Nae'Qwan Tomlin,F,51,2,15.8,5.9,1.3,1.5,2.9,0.8,0.7,0.6,0.4,2.0,2.1
CLE,Dean Wade,F,51,30,22.5,5.8,0.9,3.4,4.3,1.5,0.8,0.4,0.3,1.6,5.2
CLE,Thomas Bryant,C,48,0,11.0,5.6,0.9,2.1,3.0,0.6,0.3,0.4,0.4,1.2,1.5
CLE,Tyrese Proctor,G,42,1,10.4,4.8,0.1,0.9,1.0,1.3,0.4,0.0,0.6,1.1,2.0
CLE,Lonzo Ball,G,35,3,20.8,4.6,0.7,3.3,4.0,3.9,1.3,0.3,1.5,1.3,2.6
CLE,Craig Porter Jr.,G,57,2,17.7,4.4,1.3,2.0,3.3,3.3,0.9,0.6,0.9,1.1,3.4
CLE,Larry Nance Jr.,F,28,2,12.4,3.2,0.8,1.7,2.5,0.9,0.5,0.1,0.5,1.7,2.0
CLE,Chris Livingston,F,3,0,5.7,3.0,0.0,1.0,1.0,0.3,0.3,0.0,0.0,1.3,INF
CLE,Luke Travers,F,12,0,8.6,2.3,0.8,1.3,2.0,0.8,0.6,0.3,0.3,0.5,3.0
CLE,Tristan Enaruna,F,5,0,5.4,2.2,1.0,0.6,1.6,0.6,0.0,0.0,0.2,0.0,3.0
CLE,Darius Brown,G,1,0,3.0,0.0,0.0,1.0,1.0,0.0,0.0,0.0,0.0,0.0,0.0
CLE,Riley Minix,N/A,1,0,4.0,0.0,0.0,0.0,0.0,0.0,0.0,0.0,1.0,0.0,0.0
DAL,Anthony Davis,F,20,20,31.3,20.4,3.1,8.0,11.1,2.8,1.1,1.7,2.1,2.1,1.4
DAL,Cooper Flagg,F,54,54,33.7,19.9,1.2,5.4,6.7,4.3,1.1,0.9,2.2,2.1,1.9
DAL,Naji Marshall,F,63,36,29.4,14.9,0.9,3.9,4.7,3.1,1.0,0.1,1.6,1.9,2.0
DAL,P.J. Washington,F,48,45,30.8,13.8,1.4,5.5,6.9,1.9,0.9,1.2,1.8,2.1,1.0
DAL,Khris Middleton,N/A,14,10,24.7,13.8,1.1,2.6,3.7,2.9,0.6,0.0,1.9,2.1,1.5
DAL,Brandon Williams,G,57,15,22.3,13.1,0.5,2.5,3.0,3.8,0.9,0.3,1.9,1.5,2.0
DAL,Max Christie,G,61,52,29.5,12.7,0.2,3.2,3.4,2.1,0.6,0.3,1.3,1.4,1.6
DAL,Klay Thompson,G,58,8,22.0,11.9,0.3,2.0,2.3,1.4,0.5,0.3,1.0,1.0,1.4
DAL,Marvin Bagley IIIF,N/A,10,1,22.7,11.0,2.8,5.6,8.4,1.4,0.3,0.9,0.7,1.9,2.0
DAL,D'Angelo Russell,G,26,3,19.0,10.2,0.3,2.0,2.3,4.0,0.5,0.1,1.9,1.2,2.1
DAL,Daniel Gafford,F,48,38,21.7,9.0,2.4,4.5,6.8,1.0,0.8,1.3,1.3,2.6,0.8
WAS,Jaden Hardy,N/A,10,0,19.7,12.8,0.2,1.8,2.0,0.8,0.2,0.2,1.6,2.0,0.5
DAL,Ryan Nembhard,G,45,17,17.9,6.2,0.2,1.6,1.8,4.6,0.3,0.0,1.4,1.3,3.2
DAL,Jeremiah Robinson-Earl,N/A,5,0,12.2,4.4,0.8,2.2,3.0,0.6,0.4,0.0,0.4,0.6,1.5
DAL,Dereck Lively IIC,N/A,7,4,16.4,4.3,2.0,3.3,5.3,1.9,0.6,1.6,1.4,3.0,1.3
DAL,Caleb Martin,F,56,12,14.9,3.9,0.5,2.0,2.5,1.4,0.7,0.3,0.7,1.5,2.1
DEN,Tyus Jones,N/A,4,0,7.0,1.3,0.0,0.5,0.5,0.8,0.0,0.0,0.8,0.0,1.0
DAL,Moussa Cisse,C,34,1,12.5,3.7,2.0,2.9,4.9,0.2,0.4,1.1,0.7,1.8,0.3
DAL,Dwight Powell,F,49,8,13.8,3.1,1.4,2.3,3.7,0.9,0.5,0.3,0.6,1.9,1.5
DAL,Miles Kelly,G,14,0,9.6,3.1,0.4,1.4,1.7,0.9,0.3,0.1,0.4,0.9,2.0
DAL,AJ Johnson,N/A,12,0,9.3,2.8,0.1,0.9,1.0,0.8,0.1,0.0,0.4,0.3,2.0
DAL,John Poulakidas,G,1,0,14.0,0.0,1.0,4.0,5.0,2.0,0.0,0.0,1.0,2.0,2.0
DEN,Nikola Jokic,C,51,51,34.7,28.7,3.0,9.6,12.7,10.4,1.4,0.8,3.8,2.7,2.8
DEN,Jamal Murray,G,62,62,35.0,25.7,0.4,3.9,4.3,7.1,0.9,0.4,2.3,1.6,3.0
DEN,Aaron Gordon,F,26,23,27.5,16.6,1.4,4.7,6.1,2.5,0.7,0.2,1.0,1.5,2.6
DEN,Peyton Watson,G,49,39,30.7,14.9,0.9,4.0,4.9,2.0,1.0,1.2,1.8,2.5,1.1
DEN,Tim Hardaway Jr.,G,66,5,27.2,13.8,0.2,2.4,2.6,1.3,0.5,0.1,0.6,1.3,2.3
DEN,Cameron Johnson,F,41,41,30.2,11.3,0.8,3.0,3.7,2.3,0.6,0.4,0.9,2.3,2.7
DEN,Christian Braun,G,31,31,31.8,10.8,1.6,3.4,5.0,2.9,0.6,0.3,1.2,2.3,2.5
DEN,Jonas Valanciunas,C,55,5,13.5,8.5,1.5,3.4,4.9,1.2,0.3,0.5,1.1,2.1,1.1
DEN,Bruce Brown,G,67,2,24.9,7.5,1.1,2.7,3.9,2.1,1.1,0.2,1.1,2.4,1.9
DEN,Julian Strawther,G,44,12,15.3,7.0,0.2,1.8,2.0,1.0,0.5,0.1,0.6,1.3,1.6
DEN,Spencer Jones,F,55,35,22.7,5.8,1.2,2.1,3.2,0.8,0.9,0.5,0.5,2.7,1.7
DEN,Jalen Pickett,G,43,18,16.9,5.3,0.4,2.0,2.5,2.4,0.3,0.1,0.7,0.9,3.6
DEN,DaRon Holmes IIF,N/A,19,6,10.2,4.4,0.3,1.2,1.5,0.8,0.0,0.2,0.4,0.9,2.0
DEN,Zeke Nnaji,F,46,3,12.3,3.8,0.7,2.0,2.7,0.5,0.3,0.5,0.5,1.3,1.0
DEN,Hunter Tyson,F,21,2,7.7,2.2,0.2,1.5,1.7,0.8,0.1,0.0,0.2,0.6,3.4
DEN,Curtis Jones,G,6,0,5.2,1.5,0.2,0.7,0.8,0.5,0.0,0.0,0.2,0.5,3.0
DEN,David Roddy,F,2,0,6.0,1.0,0.5,1.5,2.0,1.0,0.5,0.0,0.0,1.0,INF
DET,Cade Cunningham,G,58,58,34.9,24.8,0.9,4.8,5.6,10.0,1.4,0.9,3.8,3.2,2.7
DET,Jalen Duren,C,55,55,27.6,18.5,3.8,6.8,10.5,1.7,0.9,0.9,1.7,2.8,1.0
DET,Tobias Harris,F,49,49,28.2,13.1,0.9,4.3,5.1,2.2,0.9,0.3,1.0,1.7,2.1
DET,Duncan Robinson,F,63,63,27.7,12.0,0.4,2.2,2.6,2.0,0.6,0.3,0.7,2.2,2.9
DET,Ausar Thompson,G,57,56,25.6,10.2,2.1,3.8,5.9,2.9,1.9,0.9,1.4,2.7,2.0
DET,Isaiah Stewart,F,54,13,23.2,10.0,1.6,3.5,5.1,1.2,0.3,1.6,1.1,2.9,1.0
DET,Ronald Holland IIF,N/A,61,5,20.5,8.5,1.2,3.1,4.3,1.3,1.2,0.3,1.3,2.3,1.0
DET,Daniss Jenkins,G,56,8,17.2,7.6,0.6,1.3,1.8,3.0,0.9,0.2,1.3,1.4,2.3
DET,Caris LeVert,G,45,0,19.3,7.2,0.3,1.4,1.8,2.6,0.9,0.6,1.4,1.6,1.9
DET,Javonte Green,G,65,4,18.1,7.0,0.8,2.0,2.8,0.7,1.3,0.3,0.6,1.4,1.1
DET,Paul Reed,F,48,8,13.1,6.9,2.1,2.4,4.5,1.1,0.9,0.8,0.9,1.7,1.2
DET,Marcus Sasser,G,24,4,11.6,5.2,0.1,0.9,1.0,1.9,0.8,0.1,0.8,0.9,2.5
DET,Tolu Smith,F,7,0,12.6,4.7,1.9,2.9,4.7,0.9,0.3,0.7,0.7,2.0,1.2
DET,Chaz Lanier,G,24,0,8.0,2.7,0.3,0.5,0.8,0.6,0.2,0.0,0.1,0.5,7.0
DET,Colby Jones,G,1,0,7.0,2.0,0.0,4.0,4.0,2.0,0.0,0.0,0.0,1.0,INF
DET,Wendell Moore Jr.,F,5,0,10.8,2.0,0.2,1.0,1.2,0.6,0.4,0.4,0.2,0.2,3.0
DET,Isaac Jones,N/A,1,0,1.0,2.0,0.0,0.0,0.0,0.0,0.0,0.0,0.0,0.0,0.0
DET,Bobi Klintman,F,11,0,6.3,1.8,0.5,1.2,1.6,0.5,0.3,0.0,0.5,1.0,1.0
GS,Stephen Curry,G,39,39,31.3,27.2,0.4,3.1,3.5,4.8,1.1,0.4,2.8,1.9,1.7
GS,Jimmy Butler IIIF,N/A,38,38,31.1,20.0,2.3,3.2,5.6,4.9,1.4,0.2,1.6,1.2,3.1
GS,De'Anthony Melton,G,35,11,22.5,13.0,0.7,2.3,3.1,2.3,1.6,0.4,1.7,2.3,1.4
GS,Brandin Podziemski,G,65,26,27.9,12.6,0.9,4.3,5.2,3.8,1.1,0.2,1.6,1.8,2.4
GS,Moses Moody,G,59,48,25.5,11.9,0.8,2.5,3.3,1.6,0.9,0.5,0.9,2.0,1.7
GS,Seth Curry,G,3,0,14.7,9.0,0.7,1.0,1.7,2.0,0.7,0.0,0.0,1.0,INF
GS,Draymond Green,F,54,54,27.1,8.6,0.8,4.8,5.5,5.3,0.8,0.6,2.6,2.9,2.0
GS,Al Horford,C,42,11,22.1,8.4,1.0,4.0,5.1,2.7,0.7,1.2,1.0,1.2,2.8
GS,Quinten Post,C,62,33,17.3,7.6,1.0,3.0,4.1,1.4,0.4,0.5,0.8,1.9,1.7
GS,Nate Williams,G,6,0,14.5,7.5,1.7,0.3,2.0,1.0,0.3,0.0,0.8,2.0,1.2
GS,Gui Santos,F,54,18,18.1,7.5,1.1,2.6,3.7,1.9,0.8,0.4,1.2,1.8,1.6
GS,LJ Cryer,G,7,0,11.9,7.4,0.3,1.4,1.7,0.7,0.1,0.0,0.3,1.6,2.5
GS,Will Richard,G,55,17,19.5,7.0,1.0,1.5,2.5,1.4,1.2,0.1,0.8,1.9,1.8
GS,Pat Spencer,G,49,12,17.2,6.5,0.8,1.5,2.3,3.4,0.7,0.1,1.2,1.2,2.9
GS,Gary Payton IIG,N/A,58,1,14.1,6.2,1.3,2.1,3.4,1.6,0.7,0.3,0.9,1.7,1.7
TOR,Trayce Jackson-Davis,N/A,8,0,4.8,1.8,1.9,1.0,2.9,0.5,0.3,0.3,0.3,0.0,2.0
GS,Malevy Leons,F,12,0,7.3,2.0,1.0,1.0,2.0,0.5,0.4,0.3,0.3,1.0,2.0
HOU,Kevin Durant,F,62,62,36.4,25.9,0.6,4.9,5.5,4.5,0.8,0.9,3.2,2.0,1.4
HOU,Alperen Sengun,C,58,58,33.4,20.2,3.0,5.9,8.9,6.1,1.2,1.1,3.3,3.2,1.8
HOU,Amen Thompson,G,63,63,37.0,17.7,2.8,4.8,7.6,5.3,1.5,0.6,2.5,2.2,2.1
HOU,Jabari Smith Jr.,F,61,61,34.8,15.4,1.5,5.3,6.8,1.8,0.8,0.9,1.3,2.5,1.4
HOU,Reed Sheppard,G,65,10,25.8,13.4,0.3,2.5,2.8,3.2,1.4,0.7,1.5,2.1,2.1
HOU,Tari Eason,F,43,29,26.3,10.8,1.9,4.3,6.3,1.7,1.3,0.5,1.4,2.4,1.2
HOU,Steven Adams,C,32,11,22.8,5.8,4.5,4.1,8.6,1.5,0.7,0.6,1.1,1.7,1.4
HOU,Aaron Holiday,G,43,1,13.0,5.4,0.2,0.7,0.9,0.9,0.4,0.1,0.6,1.3,1.6
HOU,Josh Okogie,G,62,29,18.8,5.1,1.1,1.6,2.7,0.8,0.9,0.2,0.6,1.5,1.4
HOU,Clint Capela,C,59,1,12.3,3.7,2.2,2.4,4.6,0.6,0.5,0.8,0.5,0.9,1.2
HOU,Dorian Finney-Smith,F,29,0,17.3,3.3,0.9,1.8,2.7,0.9,0.4,0.1,0.6,1.9,1.4
HOU,Jae'Sean Tate,F,34,0,8.4,2.7,0.6,0.7,1.4,0.5,0.3,0.1,0.3,1.1,1.7
HOU,Jeff Green,F,24,0,5.2,2.4,0.1,0.5,0.7,0.2,0.0,0.0,0.0,0.3,4.0
HOU,JD Davison,G,25,0,7.4,2.2,0.1,0.8,0.9,1.1,0.2,0.2,0.3,0.6,4.0
HOU,Isaiah Crawford,F,11,0,6.1,1.4,0.2,0.7,0.9,0.4,0.2,0.3,0.2,0.3,2.0
IND,Pascal Siakam,F,55,55,33.5,24.0,1.5,5.2,6.7,3.9,1.1,0.4,2.2,2.4,1.8
LAC,Bennedict Mathurin,N/A,13,1,29.5,19.4,1.5,4.6,6.1,2.4,1.2,0.5,2.1,3.1,1.1
IND,Andrew Nembhard,G,51,51,31.2,17.2,0.4,2.3,2.8,7.3,0.9,0.1,2.5,2.1,2.9
IND,Aaron Nesmith,G,37,34,29.5,13.1,1.2,3.3,4.5,2.1,0.6,0.6,1.3,2.6,1.6
IND,Jarace Walker,F,65,30,25.1,11.1,0.6,4.4,5.0,2.3,0.8,0.3,1.8,1.7,1.3
IND,Micah Potter,C,33,3,19.5,9.4,1.2,3.5,4.7,1.5,0.5,0.4,0.9,1.8,1.6
IND,Jay Huff,C,66,41,20.8,9.4,0.9,3.0,3.9,1.3,0.5,1.9,0.9,2.4,1.6
IND,T.J. McConnell,G,47,1,16.9,9.3,0.4,1.8,2.2,4.7,1.1,0.2,1.2,1.2,3.9
IND,Quenton Jackson,G,35,10,17.4,8.7,0.6,1.6,2.2,2.3,0.6,0.2,1.1,1.7,2.2
IND,Kobe Brown,N/A,13,2,23.6,8.3,2.1,2.9,5.0,1.2,0.5,0.4,1.4,2.5,0.9
IND,Ivica Zubac,N/A,1,1,16.0,8.0,1.0,5.0,6.0,2.0,0.0,0.0,0.0,1.0,INF
IND,Obi Toppin,F,9,3,16.4,8.0,0.7,3.8,4.4,1.6,0.7,0.0,0.8,1.2,2.0
IND,Ben Sheppard,G,55,19,21.6,7.0,0.6,2.4,3.1,1.8,0.6,0.1,0.7,1.8,2.8
LAC,Isaiah Jackson,N/A,8,0,13.1,5.9,1.3,2.6,3.9,0.9,0.6,1.0,0.6,2.4,1.4
IND,Garrison Mathews,G,15,1,13.1,5.2,0.1,1.0,1.1,0.7,0.4,0.2,0.2,1.3,3.3
IND,Johnny Furphy,G,35,21,18.4,5.1,0.9,3.5,4.4,1.2,0.6,0.2,0.8,1.9,1.4
IND,Ethan Thompson,G,24,6,17.4,5.1,0.5,1.3,1.8,1.5,0.6,0.3,0.7,2.0,2.2
IND,Jalen Slawson,F,2,0,21.5,5.0,2.0,3.5,5.5,4.0,1.0,0.5,1.5,1.5,2.7
IND,Kam Jones,G,27,7,16.1,4.4,0.3,1.1,1.4,2.7,0.5,0.0,0.9,1.0,3.0
IND,Tony Bradley,C,38,3,10.9,4.0,1.5,1.3,2.8,0.5,0.2,0.2,0.4,1.6,1.2
IND,Taelon Peter,G,29,0,11.1,3.6,0.2,1.1,1.3,1.1,0.6,0.1,0.6,0.7,1.7
IND,James Wiseman,C,4,1,14.5,3.3,1.3,0.8,2.0,0.8,0.0,0.3,1.3,2.5,0.6
IND,Monte Morris,PG,6,0,10.8,3.0,0.2,1.0,1.2,1.5,0.2,0.2,0.3,0.5,4.5
IND,Cody Martin,SF,4,0,13.8,1.8,0.3,3.3,3.5,0.5,1.0,0.5,1.0,1.3,0.5
LAC,Kawhi Leonard,F,51,51,32.4,28.3,1.0,5.4,6.4,3.8,2.0,0.5,2.1,1.2,1.8
LAC,John Collins,F,54,45,27.7,13.8,1.4,3.7,5.2,1.0,0.8,0.8,1.4,2.7,0.7
LAC,Derrick Jones Jr.,F,33,28,26.9,11.3,1.1,1.9,3.0,1.2,1.0,1.1,0.8,2.2,1.5
LAC,Jordan Miller,G,44,0,21.1,9.4,0.8,2.1,2.9,2.0,0.7,0.2,1.1,1.0,1.9
LAC,Bradley Beal,G,6,6,20.2,8.2,0.3,0.5,0.8,1.7,0.5,0.0,1.5,2.3,1.1
LAC,Brook Lopez,C,58,23,20.1,7.8,0.4,2.6,3.1,1.1,0.6,1.0,0.8,1.9,1.4
LAC,Kris Dunn,G,65,59,27.5,7.8,0.7,2.6,3.3,3.7,1.5,0.1,1.4,2.4,2.6
LAC,Bogdan Bogdanovic,G,18,3,21.6,7.7,0.3,2.6,2.9,2.7,0.6,0.1,1.3,2.3,2.0
LAC,Kobe Sanders,G,54,15,20.6,6.9,0.5,1.9,2.4,1.6,0.6,0.1,1.3,2.1,1.2
LAC,Sean Pedulla,G,1,0,6.0,6.0,0.0,1.0,1.0,3.0,0.0,0.0,0.0,0.0,INF
PHI,Patrick Baldwin Jr.G,N/A,1,0,2.0,0.0,0.0,1.0,1.0,0.0,0.0,0.0,0.0,0.0,0.0
LAC,Yanic Konan Niederhauser,C,41,0,10.3,4.3,0.9,2.0,2.9,0.3,0.1,0.7,0.6,1.6,0.5
LAC,Nicolas Batum,F,62,5,18.4,4.1,0.3,2.2,2.5,0.9,0.7,0.3,0.6,1.4,1.5
LAC,Cam Christie,G,44,0,9.3,3.1,0.3,1.2,1.5,0.6,0.3,0.1,0.4,0.4,1.5
LAC,Chris Paul,G,16,0,14.3,2.9,0.4,1.4,1.8,3.3,0.7,0.0,1.0,1.4,3.3
LAC,Norchad Omier,F,3,0,4.7,2.7,0.7,0.7,1.3,0.3,0.3,0.0,0.0,0.7,INF
LAC,TyTy Washington Jr.,G,8,0,6.5,2.4,0.1,0.1,0.3,1.4,0.5,0.3,0.4,0.5,3.7
LAC,Jahmyl Telfort,F,8,0,4.0,0.1,0.0,0.4,0.4,0.1,0.1,0.0,0.1,0.6,1.0
LAL,Luka Doncic,G,54,54,35.5,32.9,0.6,7.3,7.9,8.5,1.5,0.5,4.0,2.4,2.1
LAL,Austin Reaves,G,40,34,33.7,23.9,0.7,4.1,4.8,5.5,1.1,0.4,3.0,2.2,1.8
LAL,LeBron James,F,45,45,33.1,21.4,0.8,4.9,5.7,7.0,1.1,0.6,3.1,1.3,2.3
LAL,Deandre Ayton,C,57,57,27.5,12.6,2.5,5.8,8.3,0.9,0.6,0.9,1.2,2.3,0.7
LAL,Rui Hachimura,F,54,35,29.3,11.6,0.6,2.7,3.3,0.9,0.6,0.3,0.7,1.6,1.4
LAL,Marcus Smart,G,55,48,28.4,9.4,0.6,2.2,2.8,2.8,1.3,0.4,1.5,2.6,1.9
LAL,Jake LaRavia,F,66,33,25.5,8.8,1.5,2.5,3.9,1.9,1.2,0.4,1.0,2.3,1.8
LAL,Jaxson Hayes,C,54,8,17.7,7.0,1.5,2.5,4.0,0.9,0.4,0.6,0.5,1.9,2.0
LAL,Nick Smith Jr.,G,25,1,12.7,5.8,0.1,0.7,0.8,1.1,0.4,0.1,0.8,1.0,1.5
LAL,Jarred Vanderbilt,F,55,3,17.8,4.5,1.3,3.2,4.6,1.2,0.8,0.3,0.9,1.7,1.4
LAL,Dalton Knecht,F,48,1,10.6,4.2,0.3,1.1,1.4,0.3,0.2,0.2,0.4,0.8,0.8
LAL,Drew Timme,F,21,0,8.5,3.4,0.4,0.9,1.3,0.8,0.2,0.0,0.3,0.6,2.3
LAL,Kobe Bufkin,G,11,1,8.2,3.0,0.1,0.7,0.8,0.5,0.2,0.3,0.4,0.5,1.3
LAL,Maxi Kleber,F,35,1,10.9,2.2,0.8,1.1,1.9,0.6,0.4,0.3,0.4,1.4,1.7
LAL,Bronny James,G,32,1,7.0,2.1,0.1,0.3,0.5,1.2,0.3,0.1,0.4,0.5,2.7
LAL,Adou Thiero,F,19,0,5.5,1.5,0.4,0.7,1.1,0.3,0.3,0.1,0.3,0.8,1.2
LAL,Chris Manon,G,6,0,4.2,0.3,0.2,0.8,1.0,0.2,0.5,0.3,0.2,0.8,1.0
MEM,Ty Jerome,G,11,11,21.8,20.0,0.8,1.9,2.7,5.6,1.3,0.2,1.8,2.3,3.1
MEM,Ja Morant,G,20,20,28.5,19.5,0.4,2.9,3.3,8.1,1.0,0.3,3.6,2.0,2.3
UTAH,Jaren Jackson Jr.F,N/A,3,3,24.0,22.3,0.3,4.0,4.3,2.7,2.0,0.3,2.3,3.0,1.1
MEM,Santi Aldama,F,43,11,27.9,14.0,1.6,5.1,6.7,2.9,0.9,0.7,1.3,1.6,2.3
MEM,Zach Edey,C,11,11,25.8,13.6,3.9,7.2,11.1,1.1,0.6,1.9,2.4,3.4,0.5
MEM,Cedric Coward,F,51,36,26.1,13.4,1.4,4.9,6.4,2.8,0.6,0.4,1.8,1.9,1.5
MEM,Jaylen Wells,F,64,64,26.7,12.8,0.9,2.4,3.3,1.7,0.9,0.1,1.1,2.2,1.5
MEM,Rayan Rupert,N/A,9,2,29.1,11.6,1.3,4.3,5.7,1.0,1.4,0.4,0.9,4.1,1.1
MEM,Scotty Pippen Jr.,G,10,6,21.2,11.4,0.8,1.4,2.2,4.7,1.9,0.4,2.7,3.1,1.7
MEM,Cam Spencer,G,62,16,23.9,11.3,0.5,2.1,2.7,5.5,0.7,0.2,1.3,1.4,4.1
MEM,GG Jackson,F,45,18,20.6,11.2,0.9,3.4,4.2,1.4,0.6,0.8,1.5,1.5,1.0
MEM,Taylor Hendricks,N/A,14,3,24.0,11.1,1.8,3.3,5.1,1.6,1.0,0.8,1.1,2.4,1.5
MEM,Kyle Anderson,N/A,4,3,22.3,9.3,0.8,2.8,3.5,0.8,1.5,1.0,1.8,3.0,0.4
MEM,Walter Clayton Jr.G,N/A,11,2,25.3,8.6,0.0,2.0,2.0,6.5,1.3,0.2,2.5,1.9,2.7
MEM,Javon Small,G,31,5,18.8,8.5,0.8,2.2,3.0,3.8,0.7,0.3,1.2,1.5,3.2
MEM,Kentavious Caldwell-Pope,G,51,14,21.3,8.4,0.4,2.1,2.5,2.7,0.8,0.2,1.2,1.1,2.3
MEM,Olivier-Maxence Prosper,F,41,12,17.2,8.2,1.1,2.3,3.4,1.0,0.6,0.3,0.9,1.3,1.1
UTAH,Vince Williams Jr.G,N/A,6,0,14.0,4.7,0.8,2.3,3.2,2.7,0.3,0.3,1.2,1.5,2.3
MEM,Lawson Lovering,C,2,1,24.5,7.0,3.0,4.5,7.5,1.5,1.5,0.5,1.0,3.5,1.5
MEM,Jahmai Mashack,G,22,3,18.1,5.1,0.7,1.3,2.0,1.3,1.2,0.5,1.0,2.1,1.3
MEM,Brandon Clarke,F,2,2,10.0,4.0,2.0,1.0,3.0,0.5,1.0,0.0,0.0,2.5,INF
PHI,Charles Bassey,N/A,1,0,5.0,2.0,0.0,0.0,0.0,0.0,0.0,1.0,0.0,0.0,0.0
UTAH,John Konchar,N/A,13,4,24.0,2.9,1.5,2.7,4.2,2.0,2.2,0.8,0.7,1.8,2.9
MEM,Tyler Burton,F,1,0,29.0,3.0,0.0,1.0,1.0,0.0,0.0,1.0,1.0,3.0,0.0
MIA,Norman Powell,G,49,49,30.0,22.5,0.4,3.2,3.6,2.6,1.2,0.2,2.0,2.1,1.3
MIA,Tyler Herro,G,20,15,30.6,22.1,0.6,4.0,4.6,3.7,0.8,0.4,1.9,1.8,1.9
MIA,Bam Adebayo,C,59,59,31.7,20.0,2.1,7.7,9.8,2.9,1.1,0.7,1.7,1.7,1.7
MIA,Andrew Wiggins,F,57,57,31.0,15.9,1.8,3.3,5.1,2.8,1.1,1.0,1.6,2.2,1.7
MIA,Jaime Jaquez Jr.,F,62,1,28.7,15.0,1.3,3.9,5.3,4.7,0.8,0.3,2.1,1.9,2.2
MIA,Kel'el Ware,C,62,30,22.6,11.3,3.1,6.3,9.4,0.5,0.9,1.1,0.9,1.6,0.6
MIA,Pelle Larsson,G,56,43,25.4,10.7,0.8,2.6,3.4,3.4,0.7,0.3,1.2,1.9,2.8
MIA,Davion Mitchell,G,56,56,28.3,8.9,0.4,2.3,2.7,6.7,1.1,0.2,1.5,2.7,4.4
MIA,Simone Fontecchio,F,60,5,16.9,8.4,0.8,2.3,3.1,1.5,0.5,0.2,0.8,1.5,1.9
MIA,Nikola Jovic,F,45,1,17.6,7.5,0.6,2.8,3.4,2.2,0.6,0.4,1.4,1.4,1.5
MIA,Kasparas Jakucionis,G,40,11,17.9,6.1,0.8,2.0,2.8,2.5,0.7,0.1,1.1,2.0,2.3
MIA,Dru Smith,G,64,1,17.1,5.9,0.9,1.7,2.6,2.7,1.5,0.3,0.8,1.6,3.1
MIA,Myron Gardner,F,35,7,9.8,3.9,1.0,2.1,3.1,1.0,0.5,0.1,0.3,1.7,3.3
MIA,Keshad Johnson,F,24,0,7.6,3.4,0.7,1.1,1.8,0.1,0.3,0.3,0.4,0.8,0.2
MIA,Jahmir Young,G,10,0,4.7,1.7,0.2,0.2,0.4,0.6,0.1,0.0,0.2,0.5,3.0
MIA,Vladislav Goldin,C,4,0,3.0,1.0,0.3,0.8,1.0,0.5,0.0,0.3,0.3,0.8,2.0
MIA,Trevor Keels,G,4,0,1.3,0.0,0.0,0.5,0.5,0.0,0.0,0.0,0.0,0.0,0.0
MIL,Giannis Antetokounmpo,F,35,35,29.0,27.5,2.6,7.0,9.7,5.4,1.0,0.7,3.3,2.4,1.6
MIL,Kevin Porter Jr.,G,36,34,33.3,17.2,0.9,4.3,5.2,7.3,2.3,0.4,2.9,2.3,2.5
MIL,Ryan Rollins,G,63,56,32.3,16.6,0.8,3.9,4.7,5.6,1.5,0.4,2.7,2.7,2.1
MIL,Bobby Portis,F,62,9,24.0,13.4,1.3,5.0,6.3,1.5,0.5,0.2,1.0,1.7,1.5
MIL,Kyle Kuzma,F,60,35,26.6,13.3,0.9,3.8,4.7,2.6,0.6,0.4,1.6,2.0,1.6
MIL,Myles Turner,C,61,61,27.5,12.2,1.1,4.3,5.4,1.5,0.7,1.6,1.2,2.5,1.3
MIL,AJ Green,G,61,58,29.2,9.7,0.3,2.2,2.5,1.9,0.5,0.1,0.8,2.4,2.3
MIL,Ousmane Dieng,N/A,15,7,22.3,8.2,0.7,3.3,3.9,2.3,0.7,0.4,1.1,1.7,2.1
MIL,Gary Trent Jr.,G,55,17,21.1,7.5,0.1,0.9,1.0,1.3,0.5,0.1,0.5,1.3,2.3
MIL,Cole Anthony,G,35,0,15.1,6.7,0.5,2.0,2.5,3.5,0.6,0.3,1.9,2.1,1.9
MIL,Taurean Prince,F,10,0,20.2,5.7,0.0,1.7,1.7,0.8,0.7,0.2,0.5,2.3,1.6
MIL,Pete Nance,F,32,0,11.3,4.5,0.4,1.6,2.0,0.6,0.3,0.2,0.5,0.9,1.2
MIL,Jericho Sims,C,50,9,17.7,4.1,1.7,3.3,5.0,1.1,0.2,0.3,1.0,1.9,1.2
MIL,Mark Sears,G,7,0,3.7,3.1,0.1,0.1,0.3,0.3,0.0,0.0,0.6,0.6,0.5
MIL,Gary Harris,G,42,2,13.9,2.5,0.3,1.0,1.3,1.0,0.5,0.2,0.4,1.0,2.8
PHX,Amir Coffey,N/A,11,0,14.7,4.8,1.0,1.3,2.3,1.0,0.5,0.1,0.1,1.3,11.0
MIL,Thanasis Antetokounmpo,F,25,0,3.2,1.3,0.4,0.4,0.7,0.2,0.4,0.2,0.2,0.4,1.0
MIL,Andre Jackson Jr.,G,34,0,6.0,1.3,0.4,0.6,1.0,0.8,0.2,0.1,0.4,0.8,2.1
MIN,Anthony Edwards,G,56,56,35.5,29.4,0.6,4.4,5.0,3.7,1.4,0.8,2.8,1.8,1.3
MIN,Julius Randle,F,66,66,33.1,21.1,1.7,5.2,7.0,5.2,1.1,0.2,2.7,2.9,2.0
MIN,Jaden McDaniels,F,64,64,31.9,14.7,1.1,3.3,4.3,2.8,1.1,1.0,1.8,3.4,1.5
MIN,Naz Reid,C,65,2,26.1,13.9,1.2,5.2,6.3,2.3,1.0,1.0,1.6,2.5,1.5
MIN,Donte DiVincenzo,G,66,66,31.0,12.5,0.9,3.4,4.4,4.2,1.4,0.4,1.5,2.5,2.8
MIN,Rudy Gobert,C,63,63,31.4,10.8,3.8,7.5,11.3,1.8,0.8,1.6,1.3,2.7,1.3
MIN,Bones Hyland,G,57,3,14.9,7.2,0.4,1.3,1.6,2.6,0.5,0.2,0.9,1.7,3.0
MIN,Terrence Shannon Jr.,G,29,0,11.8,4.3,0.2,0.8,1.0,0.7,0.3,0.0,0.6,1.2,1.1
MIN,Mike Conley,G,46,9,18.1,4.2,0.3,1.4,1.7,2.8,0.6,0.3,0.6,1.4,4.8
MIN,Jaylen Clark,G,58,0,12.7,3.8,0.8,0.9,1.7,0.6,0.7,0.1,0.3,1.3,1.7
MIN,Joan Beringer,F,31,1,6.7,2.9,0.9,0.9,1.8,0.3,0.1,0.4,0.3,1.1,1.0
MIN,Johnny Juzang,G,21,0,4.2,2.0,0.2,0.6,0.8,0.3,0.1,0.0,0.2,0.1,1.2
MIN,Rocco Zikarsky,C,3,0,4.7,1.3,0.3,1.0,1.3,0.0,0.0,0.7,0.0,0.3,0.0
MIN,Joe Ingles,F,22,0,4.1,0.5,0.0,0.3,0.3,0.9,0.3,0.0,0.4,0.3,2.5
MIN,Enrique Freeman,F,2,0,4.0,0.0,0.0,1.5,1.5,0.0,0.0,0.5,0.0,0.0,0.0
NO,Trey Murphy IIIF,N/A,58,58,35.4,22.1,1.0,4.6,5.7,3.8,1.6,0.3,1.8,2.1,2.1
NO,Zion Williamson,F,50,43,29.6,21.4,2.2,3.7,5.9,3.4,1.0,0.5,2.1,2.3,1.6
NO,Dejounte Murray,G,7,7,26.4,17.6,0.3,5.0,5.3,5.4,1.9,0.3,3.6,2.9,1.5
NO,Saddiq Bey,G,60,52,30.9,17.3,1.7,4.1,5.8,2.5,0.9,0.1,0.9,1.2,2.8
NO,Jordan Poole,G,33,6,24.5,13.9,0.2,1.8,2.1,3.1,0.6,0.4,1.8,2.3,1.7
NO,Jeremiah Fears,G,67,44,25.3,13.1,0.7,3.0,3.7,3.3,1.1,0.4,2.3,1.9,1.4
NO,Derik Queen,C,66,45,25.2,11.7,1.7,5.4,7.0,3.9,1.0,0.9,2.3,2.8,1.7
NO,Herbert Jones,F,44,44,28.8,9.0,0.8,2.7,3.5,2.8,1.7,0.5,1.3,3.1,2.1
NO,Bryce McGowens,G,42,13,21.0,8.1,0.3,1.8,2.1,1.5,0.6,0.2,0.4,2.1,3.6
NY,Jose Alvarado,N/A,15,0,16.7,6.1,0.3,1.7,2.1,3.7,1.2,0.1,0.9,1.7,4.3
NO,Yves Missi,C,54,8,18.7,5.5,2.8,2.7,5.5,1.1,0.3,1.4,0.8,1.6,1.5
NO,Karlo Matkovic,F,53,2,13.9,5.4,1.1,2.4,3.5,0.8,0.4,0.9,0.5,1.7,1.6
NO,DeAndre Jordan,C,10,6,16.3,4.1,2.1,4.3,6.4,0.8,0.3,0.8,0.9,1.4,0.9
NO,Micah Peavy,G,51,1,13.8,4.0,0.7,1.1,1.8,0.9,0.6,0.1,0.3,1.4,3.4
NO,Jordan Hawkins,G,42,0,12.3,3.8,0.3,1.2,1.5,0.6,0.2,0.2,0.5,0.5,1.2
NO,Kevon Looney,F,18,6,13.9,2.9,2.3,3.0,5.3,1.4,0.3,0.5,0.4,1.8,3.1
NO,Trey Alexander,G,5,0,8.4,2.8,0.0,0.8,0.8,1.0,0.2,0.2,0.2,0.8,5.0
NO,Hunter Dickinson,C,1,0,5.0,2.0,0.0,0.0,0.0,0.0,0.0,1.0,2.0,2.0,0.0
NY,Jalen Brunson,G,62,62,34.8,26.2,0.5,3.0,3.5,6.5,0.7,0.1,2.3,2.3,2.8
NY,Karl-Anthony Towns,C,63,63,31.3,20.0,3.0,8.8,11.9,2.9,0.9,0.6,2.5,3.6,1.2
NY,OG Anunoby,F,53,53,33.2,16.6,1.4,3.9,5.2,2.2,1.7,0.7,1.9,2.5,1.1
NY,Mikal Bridges,G,67,67,33.6,15.0,1.0,3.1,4.1,3.9,1.4,0.8,1.0,2.0,3.8
NY,Miles McBride,G,35,14,28.0,12.9,0.6,2.0,2.6,2.8,0.9,0.2,0.8,1.8,3.5
NY,Josh Hart,G,54,40,30.0,11.8,1.5,6.1,7.6,5.1,1.1,0.3,2.0,2.5,2.6
NY,Landry Shamet,G,42,10,22.8,10.0,0.4,1.4,1.8,1.5,0.5,0.2,0.6,1.6,2.6
NY,Jordan Clarkson,G,57,1,17.8,8.9,0.8,0.9,1.7,1.3,0.4,0.1,1.0,1.8,1.3
NY,Mitchell Robinson,C,48,14,19.3,5.2,4.3,4.3,8.6,1.0,0.8,1.1,0.6,2.2,1.5
NY,Tyler Kolek,G,55,1,12.0,4.4,0.3,1.4,1.7,2.8,0.3,0.1,1.0,1.1,2.9
NY,Mohamed Diawara,F,56,6,8.4,3.5,0.2,1.1,1.3,0.6,0.3,0.1,0.4,0.8,1.5
NY,Ariel Hukporti,C,47,4,8.9,1.9,1.0,1.9,2.8,0.5,0.2,0.5,0.6,1.2,0.9
NY,Kevin McCullar Jr.,G,19,0,6.7,1.8,0.5,0.8,1.3,1.0,0.3,0.0,0.6,0.9,1.6
NY,Dillon Jones,F,5,0,4.8,1.4,0.4,0.8,1.2,0.8,0.4,0.0,0.0,0.8,INF
NY,Jeremy Sochan,N/A,10,0,5.3,1.3,0.2,1.0,1.2,0.5,0.5,0.1,0.2,0.4,2.5
NY,Pacome Dadiet,F,22,0,3.6,1.1,0.1,0.6,0.8,0.4,0.1,0.0,0.0,0.1,9.0
NY,Trey Jemison IIIF,N/A,11,0,5.5,0.8,0.7,0.7,1.5,0.3,0.1,0.2,0.5,0.8,0.5
NY,Tosan Evbuomwan,F,5,0,1.6,0.0,0.2,0.2,0.4,0.0,0.0,0.0,0.0,0.2,0.0
OKC,Shai Gilgeous-Alexander,G,55,55,33.6,31.8,0.5,4.0,4.5,6.6,1.4,0.8,2.1,2.0,3.1
OKC,Jalen Williams,G,26,26,29.0,17.5,0.7,4.0,4.7,5.4,1.3,0.3,1.9,2.1,2.8
OKC,Chet Holmgren,C,57,57,29.3,17.2,1.9,7.1,9.0,1.7,0.5,1.9,1.6,2.3,1.1
OKC,Ajay Mitchell,G,45,10,26.4,14.3,0.7,2.8,3.4,3.7,1.4,0.3,1.5,2.1,2.4
OKC,Jared McCain,N/A,15,0,18.7,11.2,0.7,1.7,2.5,0.9,0.6,0.0,1.1,1.5,0.8
OKC,Isaiah Joe,G,58,9,21.9,10.9,0.5,2.2,2.6,1.4,0.7,0.2,0.6,1.8,2.4
OKC,Isaiah Hartenstein,C,36,35,25.4,10.2,3.2,6.1,9.2,3.5,1.0,0.8,1.9,2.7,1.9
OKC,Aaron Wiggins,G,52,18,23.3,10.2,0.7,2.7,3.3,1.8,1.0,0.5,1.3,1.4,1.4
OKC,Cason Wallace,G,64,54,27.3,8.7,0.8,2.3,3.1,2.7,2.0,0.3,1.0,2.1,2.6
OKC,Luguentz Dort,G,56,56,28.1,8.6,0.9,3.0,3.9,1.3,0.8,0.4,0.8,2.9,1.6
OKC,Jaylin Williams,F,52,11,20.5,7.5,0.5,5.0,5.5,2.6,0.5,0.7,1.2,2.0,2.2
OKC,Kenrich Williams,G,45,2,15.8,6.6,1.0,2.3,3.2,1.4,0.5,0.1,0.8,1.1,1.9
OKC,Alex Caruso,G,44,0,18.5,6.5,0.6,2.1,2.7,2.0,1.4,0.3,0.9,1.2,2.3
OKC,Branden Carlson,C,35,2,10.7,4.9,0.7,1.9,2.6,0.6,0.2,0.5,0.4,0.9,1.6
OKC,Nikola Topic,G,5,0,10.6,3.2,0.4,1.2,1.6,2.0,0.0,0.0,2.2,0.8,0.9
OKC,Chris Youngblood,G,32,0,5.4,2.0,0.2,0.7,0.9,0.3,0.1,0.1,0.1,0.6,5.5
OKC,Buddy Boeheim,F,4,0,3.8,1.5,0.0,0.0,0.0,0.0,0.0,0.0,0.0,0.3,0.0
OKC,Brooks Barnhizer,F,33,0,7.8,1.4,0.3,1.4,1.7,0.5,0.2,0.1,0.2,0.6,2.3
ORL,Paolo Banchero,F,55,55,34.9,22.2,1.1,7.5,8.6,5.0,0.6,0.6,2.9,1.9,1.7
ORL,Franz Wagner,F,28,26,31.8,21.3,1.5,4.3,5.8,3.6,1.1,0.3,1.7,2.3,2.1
ORL,Desmond Bane,G,65,65,34.3,20.6,1.2,2.9,4.2,4.2,1.0,0.4,2.0,3.1,2.1
ORL,Anthony Black,G,60,40,30.7,15.3,0.7,3.1,3.9,3.8,1.4,0.7,2.1,2.7,1.8
ORL,Jalen Suggs,G,42,41,26.6,14.1,0.6,3.1,3.7,5.3,1.9,0.8,2.5,2.7,2.1
ORL,Wendell Carter Jr.,C,62,62,29.6,11.6,2.1,5.5,7.6,2.1,0.8,0.7,1.2,3.5,1.7
ORL,Tristan da Silva,F,60,23,24.1,9.6,0.8,3.0,3.7,1.5,0.9,0.4,0.8,1.5,1.8
ORL,Moritz Wagner,F,25,0,13.0,8.0,1.0,2.6,3.5,0.8,0.6,0.0,0.6,1.8,1.5
ORL,Goga Bitadze,C,48,2,15.2,5.8,2.0,2.9,4.9,1.2,0.6,1.1,0.5,2.0,2.2
ORL,Jett Howard,G,44,0,12.4,5.3,0.4,1.3,1.7,0.9,0.2,0.2,0.3,1.2,3.3
ORL,Jase Richardson,G,44,0,11.5,4.6,0.4,0.8,1.2,1.2,0.3,0.0,0.5,1.1,2.1
ORL,Noah Penda,F,46,2,13.7,4.5,1.4,2.3,3.7,1.2,0.5,0.4,0.8,1.3,1.5
ORL,Jamal Cain,F,23,0,6.7,2.7,0.3,0.4,0.7,0.3,0.2,0.0,0.3,1.0,1.1
ORL,Jonathan Isaac,F,52,0,10.0,2.6,0.8,1.7,2.5,0.4,0.4,0.6,0.3,0.8,1.2
ORL,Orlando Robinson,C,4,1,6.3,1.8,0.5,0.5,1.0,0.8,0.3,0.0,0.0,0.8,INF
PHI,Tyrese Maxey,G,61,61,38.3,29.0,0.3,3.8,4.1,6.7,2.0,0.8,2.4,2.2,2.7
PHI,Joel Embiid,C,33,33,31.2,26.6,2.0,5.5,7.5,3.9,0.6,1.1,3.0,2.1,1.3
PHI,Paul George,F,27,27,30.5,16.0,0.5,4.6,5.1,3.7,1.5,0.5,1.6,2.2,2.3
PHI,VJ Edgecombe,G,59,59,35.0,15.3,1.6,3.9,5.5,3.8,1.5,0.5,1.9,2.9,2.1
PHI,Kelly Oubre Jr.,G,41,36,32.4,14.7,1.0,3.9,4.9,1.7,1.3,0.5,1.4,2.5,1.2
PHI,Quentin Grimes,G,60,13,29.8,13.0,0.7,3.0,3.6,3.4,0.9,0.4,1.9,2.0,1.8
PHI,MarJon Beauchamp,F,4,0,18.0,10.8,0.5,2.8,3.3,1.8,1.0,0.5,1.3,1.0,1.4
PHI,Dominick Barlow,F,55,48,24.3,8.2,1.9,2.7,4.6,1.1,0.9,0.7,0.8,2.0,1.4
PHI,Cameron Payne,PG,12,1,16.6,7.6,0.2,1.4,1.6,3.0,1.2,0.3,0.4,1.5,7.2
PHI,Andre Drummond,C,49,24,19.4,6.5,3.2,5.2,8.4,1.0,0.6,0.8,1.0,2.1,1.0
PHI,Trendon Watford,F,43,7,16.5,6.2,0.7,2.6,3.3,2.5,0.3,0.4,1.1,2.0,2.2
PHI,Eric Gordon,G,6,0,12.3,5.5,0.2,0.2,0.3,0.5,0.7,0.2,0.5,0.5,1.0
PHI,Justin Edwards,F,49,6,14.6,5.0,0.5,1.1,1.6,1.2,0.8,0.2,0.6,1.6,2.3
PHI,Adem Bona,C,56,8,17.2,4.6,1.8,2.5,4.3,0.4,0.4,1.2,0.8,2.3,0.6
PHI,Jabari Walker,F,56,6,12.5,4.5,1.1,2.0,3.1,0.5,0.4,0.2,0.4,1.6,1.2
PHI,Kyle Lowry,G,9,0,8.4,1.6,0.0,0.7,0.7,1.0,0.2,0.1,0.2,0.6,4.5
PHI,Hunter Sallis,G,7,0,3.7,1.0,0.0,0.1,0.1,0.6,0.0,0.1,0.7,0.3,0.8
PHI,Johni Broome,F,11,0,5.0,0.9,0.6,0.8,1.5,0.4,0.3,0.2,0.3,0.6,1.3
PHX,Devin Booker,G,50,50,33.4,25.3,0.8,3.2,4.0,6.1,0.9,0.3,3.2,2.6,1.9
PHX,Dillon Brooks,F,50,50,30.6,20.9,0.8,2.9,3.7,1.8,1.0,0.2,1.8,3.3,1.0
PHX,Grayson Allen,G,42,26,30.0,17.3,0.7,2.3,3.0,4.1,1.4,0.3,1.7,2.2,2.5
PHX,Jalen Green,G,18,13,24.0,16.5,0.4,2.8,3.2,2.4,1.3,0.1,2.3,1.1,1.1
PHX,Collin Gillespie,G,65,46,28.9,13.4,1.1,3.1,4.2,4.8,1.3,0.2,1.7,1.6,2.9
PHX,Mark Williams,C,56,52,23.6,11.6,3.1,5.0,8.1,1.0,0.9,0.9,1.1,2.2,0.9
PHX,Royce O'Neale,F,66,61,29.3,10.1,0.8,4.2,4.9,2.8,1.1,0.3,1.4,2.3,1.9
PHX,Jordan Goodwin,G,56,4,22.1,8.8,1.9,2.8,4.7,2.2,1.4,0.2,1.0,1.9,2.3
PHX,Jamaree Bouyea,G,34,0,15.2,6.3,0.4,1.4,1.9,1.8,0.7,0.4,0.6,0.9,2.9
PHX,Oso Ighodaro,F,66,12,21.0,6.0,1.6,3.2,4.8,2.0,0.9,0.7,1.2,2.6,1.6
PHX,Ryan Dunn,F,59,14,19.4,5.7,1.4,2.6,4.1,1.4,0.8,0.4,0.8,2.1,1.8
PHX,Rasheer Fleming,F,40,0,9.7,3.4,1.0,1.0,2.0,0.3,0.3,0.2,0.4,0.9,0.7
PHX,Koby Brea,G,5,0,4.6,3.2,0.0,0.4,0.4,0.6,0.0,0.0,0.0,0.0,INF
PHX,Haywood Highsmith,F,3,0,11.3,3.0,0.7,1.3,2.0,1.0,1.0,0.0,0.0,1.0,INF
PHX,Khaman Maluach,C,31,0,7.0,2.2,0.8,1.2,2.0,0.1,0.1,0.5,0.7,0.8,0.2
PHX,Isaiah Livers,F,33,0,10.1,2.0,0.6,1.2,1.8,0.6,0.4,0.2,0.4,0.8,1.8
PHX,Nigel Hayes-Davis,F,27,0,7.2,1.3,0.4,0.8,1.2,0.3,0.3,0.1,0.3,0.6,0.9
POR,Deni Avdija,F,50,50,33.3,24.3,1.1,5.8,6.9,6.7,0.8,0.6,3.8,2.6,1.8
POR,Shaedon Sharpe,G,48,42,30.0,21.4,1.0,3.4,4.4,2.6,1.4,0.1,3.0,2.0,0.9
POR,Jerami Grant,F,50,31,29.8,19.0,0.9,2.6,3.5,2.3,0.7,0.6,2.1,2.5,1.1
POR,Jrue Holiday,G,37,35,28.9,16.5,1.4,3.0,4.4,6.3,1.2,0.1,2.9,1.6,2.2
POR,Scoot Henderson,G,14,3,22.9,13.2,0.7,2.0,2.7,4.2,0.4,0.3,2.8,2.9,1.5
POR,Toumani Camara,F,66,66,33.6,12.8,1.6,3.8,5.4,2.5,1.1,0.4,1.9,3.0,1.4
POR,Donovan Clingan,C,61,61,27.2,11.8,4.5,7.0,11.5,2.1,0.5,1.5,1.2,2.3,1.8
POR,Caleb Love,G,45,1,22.2,11.3,0.6,2.0,2.5,2.7,0.6,0.1,1.4,1.0,2.0
POR,Robert Williams IIIC,N/A,46,1,16.8,6.9,2.2,4.5,6.7,1.1,0.7,1.5,0.8,1.2,1.3
POR,Kris Murray,F,42,15,24.1,5.8,1.7,2.1,3.8,1.1,1.0,0.4,0.8,1.7,1.4
POR,Sidy Cissoko,G,59,24,21.1,5.8,0.9,1.5,2.4,1.5,0.8,0.4,1.0,2.6,1.4
POR,Blake Wesley,G,21,0,13.9,5.5,0.3,1.0,1.4,2.5,0.8,0.1,1.2,1.4,2.1
POR,Matisse Thybulle,G,14,0,11.9,4.5,0.5,1.1,1.6,0.8,1.9,0.5,0.6,1.4,1.2
POR,Duop Reath,C,32,0,8.1,2.9,0.3,0.9,1.2,0.3,0.2,0.3,0.2,0.9,1.4
POR,Yang Hansen,C,38,1,7.3,2.2,0.5,1.0,1.5,0.6,0.1,0.2,0.8,1.1,0.7
POR,Javonte Cooke,G,19,0,4.9,1.2,0.2,0.8,1.0,0.4,0.3,0.0,0.5,0.3,0.8
SAC,Zach LaVine,G,39,37,31.4,19.2,0.2,2.6,2.8,2.3,0.7,0.3,1.9,2.1,1.2
SAC,DeMar DeRozan,G,66,66,31.7,18.4,0.4,2.6,3.0,3.9,1.1,0.3,1.2,2.0,3.4
SAC,Domantas Sabonis,F,19,15,29.7,15.8,3.4,8.0,11.4,4.1,0.9,0.2,2.7,3.5,1.5
SAC,Russell Westbrook,G,61,55,28.9,15.5,1.3,4.2,5.4,6.5,1.3,0.2,3.3,2.4,2.0
SAC,Keegan Murray,F,23,22,34.5,14.0,1.4,4.3,5.7,1.7,1.0,1.6,1.2,1.8,1.4
SAC,Malik Monk,G,53,0,22.0,12.6,0.3,1.7,1.9,2.7,0.6,0.4,1.4,1.6,1.9
SAC,Maxime Raynaud,C,59,41,25.0,10.9,2.0,5.2,7.2,1.2,0.5,0.6,1.1,2.3,1.1
SAC,Precious Achiuwa,PF,59,43,22.3,8.7,2.1,4.0,6.1,1.3,0.9,0.6,0.7,1.7,1.9
SAC,Daeqwon Plowden,G,18,2,23.6,7.9,1.1,2.1,3.2,1.1,0.5,0.2,0.4,1.8,2.4
SAC,Nique Clifford,G,63,17,23.4,7.6,0.9,2.6,3.5,2.0,0.9,0.3,1.3,2.0,1.5
SAC,Devin Carter,G,27,2,14.3,6.8,0.8,1.8,2.6,2.1,0.8,0.2,1.1,1.1,2.0
SAC,Dylan Cardwell,C,29,1,21.2,5.4,3.1,4.6,7.7,1.2,0.8,1.6,0.8,3.7,1.5
SAC,Drew Eubanks,F,42,11,13.1,5.2,0.9,2.1,3.0,0.5,0.4,0.6,0.7,1.4,0.6
SAC,Killian Hayes,G,9,1,16.2,4.0,0.2,1.7,1.9,3.4,0.6,0.0,0.4,1.8,7.8
SAC,Doug McDermott,F,15,0,10.2,3.9,0.1,0.7,0.7,0.3,0.2,0.1,0.4,0.6,0.7
SAC,Isaiah Stevens,G,3,0,14.3,3.3,0.7,0.3,1.0,3.3,1.7,0.0,0.7,0.7,5.0
SAC,Dario Saric,F,5,0,8.2,1.0,0.2,1.0,1.2,0.4,0.0,0.0,0.4,0.6,1.0
SA,Victor Wembanyama,F,51,42,29.3,24.2,1.9,9.2,11.1,2.9,1.0,3.0,2.6,2.6,1.1
SA,De'Aaron Fox,G,57,57,31.5,19.1,0.6,3.1,3.7,6.4,1.2,0.2,2.3,2.3,2.7
SA,Stephon Castle,G,56,55,29.8,16.6,1.3,3.8,5.0,7.0,1.2,0.3,3.1,3.3,2.2
SA,Devin Vassell,G,53,51,30.6,14.3,0.5,3.3,3.8,2.4,0.8,0.4,0.9,1.6,2.6
SA,Keldon Johnson,F,66,0,23.3,12.8,1.7,3.9,5.5,1.3,0.6,0.1,0.9,2.1,1.5
SA,Julian Champagnie,F,66,52,27.7,11.2,0.9,5.0,5.8,1.5,0.8,0.4,0.9,1.6,1.7
SA,Dylan Harper,G,55,0,22.2,11.2,0.7,2.6,3.3,3.8,0.8,0.3,1.4,1.9,2.7
SA,Harrison Barnes,F,61,49,26.9,10.3,0.9,2.1,2.9,2.0,0.7,0.2,0.9,1.1,2.3
SA,Luke Kornet,C,56,23,21.2,6.7,2.8,3.3,6.1,1.8,0.4,1.1,0.4,1.9,4.1
SA,Carter Bryant,F,55,0,10.1,3.7,0.5,1.8,2.2,0.4,0.2,0.3,0.4,1.0,1.2
SA,Kelly Olynyk,F,36,0,8.9,3.3,0.6,1.2,1.8,1.1,0.4,0.1,0.6,1.1,1.9
SA,David Jones Garcia,F,11,0,6.2,2.9,0.4,0.8,1.2,1.6,0.5,0.1,0.5,0.5,3.6
SA,Lindy Waters IIIF,N/A,34,0,6.5,2.1,0.1,0.6,0.6,0.4,0.1,0.0,0.1,0.5,2.8
SA,Jordan McLaughlin,G,33,0,5.9,1.9,0.1,0.5,0.7,0.7,0.4,0.0,0.4,0.3,2.0
SA,Harrison Ingram,F,5,0,3.4,1.8,0.6,0.0,0.6,0.2,0.0,0.0,0.0,0.4,INF
SA,Stanley Umude,G,2,0,3.5,1.0,0.0,0.0,0.0,0.5,0.5,0.0,0.0,1.0,INF
SA,Bismack Biyombo,C,19,1,5.7,0.8,0.2,0.6,0.8,0.3,0.2,0.1,0.3,1.1,0.8
TOR,Brandon Ingram,F,63,63,34.0,21.5,0.8,4.9,5.7,3.8,0.8,0.7,2.5,2.0,1.5
TOR,Scottie Barnes,F,63,63,34.3,18.8,2.0,5.8,7.9,5.3,1.4,1.5,2.7,2.8,2.0
TOR,RJ Barrett,F,41,41,29.9,18.7,0.9,4.5,5.4,3.3,0.8,0.3,1.7,2.4,2.0
TOR,Immanuel Quickley,G,62,62,32.5,17.3,0.5,3.6,4.2,6.1,1.2,0.1,1.6,2.1,3.9
TOR,Sandro Mamukelashvili,F,63,12,22.1,10.8,1.4,3.4,4.8,1.9,0.7,0.6,0.8,2.0,2.3
TOR,Jakob Poeltl,C,30,28,25.6,9.9,2.6,4.8,7.4,2.0,0.8,0.7,1.4,3.1,1.5
TOR,Collin Murray-Boyles,F,47,22,22.3,7.8,2.4,2.5,5.0,2.0,0.9,0.9,1.1,2.5,1.8
TOR,Jamal Shead,G,65,7,21.9,6.8,0.3,1.6,1.9,5.1,1.0,0.2,1.4,2.0,3.7
TOR,Ja'Kobe Walter,G,55,11,18.9,6.4,0.7,1.6,2.3,1.1,1.0,0.2,0.5,2.0,2.0
TOR,Gradey Dick,G,63,1,15.1,6.2,0.6,1.5,2.1,0.7,0.6,0.1,0.6,1.4,1.2
TOR,A.J. Lawson,G,14,0,7.9,3.5,0.5,1.1,1.6,0.2,0.3,0.2,0.3,1.1,0.8
TOR,Jamison Battle,F,48,2,8.5,3.0,0.4,1.1,1.5,0.4,0.1,0.0,0.3,0.7,1.1
TOR,Alijah Martin,G,16,0,6.4,2.5,0.4,0.5,0.9,0.5,0.4,0.2,0.3,0.6,2.0
TOR,Jonathan Mogbo,F,26,0,6.1,1.2,0.5,1.0,1.5,0.5,0.2,0.2,0.3,0.6,1.4
TOR,Garrett Temple,G,16,0,2.9,0.4,0.1,0.3,0.3,0.3,0.2,0.1,0.2,0.2,1.3
TOR,Mo Bamba,N/A,2,0,3.0,0.0,0.5,0.5,1.0,0.0,0.0,0.5,0.0,1.0,0.0
TOR,Chucky Hepburn,G,2,0,6.5,0.0,0.0,0.5,0.5,1.0,0.5,0.0,0.5,1.0,2.0
UTAH,Lauri Markkanen,F,42,42,34.4,26.7,2.0,4.9,6.9,2.1,1.0,0.5,1.5,1.8,1.4
UTAH,Keyonte George,G,54,54,33.1,23.6,0.4,3.3,3.7,6.1,1.1,0.3,3.1,2.2,2.0
UTAH,Walker Kessler,C,5,5,30.8,14.4,4.6,6.2,10.8,3.0,1.4,1.8,3.2,4.4,0.9
UTAH,Brice Sensabaugh,F,63,12,22.3,13.1,0.8,2.2,3.0,1.7,0.7,0.1,1.3,1.9,1.3
UTAH,Ace Bailey,G,58,47,27.1,12.5,1.6,2.4,4.0,1.7,0.9,0.5,1.3,2.7,1.3
UTAH,Isaiah Collier,G,56,16,25.6,11.4,0.4,2.1,2.5,7.2,1.1,0.3,2.5,2.4,2.9
UTAH,Jusuf Nurkic,C,41,36,26.4,10.9,2.6,7.8,10.4,4.8,1.3,0.5,2.5,3.3,1.9
UTAH,Kyle Filipowski,F,65,29,22.8,10.5,1.9,5.1,7.0,2.3,0.9,0.5,1.6,3.0,1.5
UTAH,Blake Hinson,F,8,1,20.9,9.4,0.9,1.5,2.4,0.8,0.0,0.1,0.3,2.0,3.0
UTAH,Svi Mykhailiuk,G,48,41,23.4,9.1,0.7,1.8,2.5,1.9,0.5,0.1,0.8,1.3,2.3
UTAH,Kevin Love,F,36,5,16.6,6.8,1.5,4.4,5.9,1.8,0.4,0.3,0.8,1.4,2.3
UTAH,Cody Williams,F,52,26,21.5,6.3,0.9,1.7,2.6,1.3,0.7,0.4,0.8,1.7,1.7
UTAH,Andersson Garcia,G,1,0,25.0,6.0,5.0,4.0,9.0,0.0,1.0,1.0,1.0,4.0,0.0
UTAH,Elijah Harkless,G,17,2,15.0,4.4,0.2,1.1,1.3,2.0,0.9,0.1,0.7,1.9,2.8
UTAH,Oscar Tshiebwe,C,11,1,12.1,4.0,1.7,2.4,4.1,0.8,0.3,0.1,0.4,1.5,2.3
WAS,Alex Sarr,C,44,44,27.7,17.2,2.3,5.3,7.6,2.7,0.8,2.0,1.7,2.0,1.6
WAS,Kyshawn George,F,48,48,29.0,14.8,0.9,4.2,5.1,4.5,1.0,0.9,2.6,3.5,1.7
WAS,Tre Johnson,G,52,34,24.1,12.5,0.5,2.3,2.9,2.0,0.6,0.3,1.5,1.9,1.3
WAS,Alondes Williams,G,4,0,25.3,11.0,1.3,5.0,6.3,3.0,0.8,0.8,1.3,1.0,2.4
WAS,Bilal Coulibaly,G,45,45,26.6,10.8,0.8,3.5,4.4,2.6,1.4,0.9,1.5,2.6,1.8
WAS,Leaky Black,F,5,2,31.8,10.0,1.4,4.0,5.4,1.4,0.4,0.8,0.8,3.0,1.8
WAS,Bub Carrington,G,65,33,27.6,9.9,0.5,3.2,3.7,4.6,0.7,0.2,2.3,2.2,2.0
WAS,Cam Whitmore,F,21,0,16.9,9.2,0.9,1.9,2.8,0.7,0.7,0.4,0.9,1.2,0.8
WAS,Julian Reese,F,4,3,31.0,8.5,4.3,6.0,10.3,2.0,1.3,0.5,2.3,4.0,0.9
WAS,Will Riley,G,57,6,19.0,8.4,0.8,1.7,2.5,1.6,0.6,0.1,1.1,1.1,1.5
WAS,Kadary Richmond,G,3,0,22.3,8.3,0.3,3.0,3.3,2.7,2.7,0.3,0.7,0.7,4.0
WAS,Justin Champagnie,F,58,15,19.3,8.2,2.2,3.4,5.6,1.1,0.8,0.6,0.7,1.6,1.7
WAS,Tristan Vukcevic,F,40,8,12.9,8.0,0.7,2.3,3.0,1.2,0.4,0.7,1.2,1.5,1.0
WAS,Sharife Cooper,G,24,0,15.0,7.0,0.4,1.5,1.9,2.3,0.3,0.1,1.4,1.5,1.6
WAS,Jamir Watkins,G,33,4,18.6,5.9,0.9,2.5,3.4,0.9,0.8,0.5,0.5,2.6,1.7
WAS,Malaki Branham,G,28,0,9.8,4.6,0.4,1.1,1.6,0.8,0.4,0.1,0.5,0.8,1.5
WAS,Skal Labissiere,C,3,0,12.7,4.3,1.0,2.0,3.0,1.0,0.7,0.3,0.3,1.0,3.0
WAS,Anthony Gill,F,38,1,12.9,4.0,0.9,1.5,2.4,0.9,0.4,0.3,0.6,1.2,1.7
WAS,Keshon Gilbert,G,3,0,16.0,2.0,0.7,1.0,1.7,1.0,0.7,1.3,2.0,1.0,0.5
